{"cameraMode":{"drawMode":0,"name":"Shaded","section":"Shading Mode"},"sceneLighting":true,"audioPlay":false,"sceneViewState":{"m_AlwaysRefresh":false,"showFog":true,"showSkybox":true,"showFlares":true,"showImageEffects":true,"showParticleSystems":true,"showVisualEffectGraphs":true,"m_FxEnabled":true},"in2DMode":false,"pivot":{"x":16.516448974609376,"y":-22.274063110351564,"z":35.54119110107422},"rotation":{"x":0.43834739923477175,"y":0.17595523595809937,"z":-0.08794640004634857,"w":0.8770229816436768},"size":87.78752136230469,"orthographic":false}