{"cameraMode":{"drawMode":0,"name":"Shaded","section":"Shading Mode"},"sceneLighting":true,"audioPlay":false,"sceneViewState":{"m_AlwaysRefresh":false,"showFog":true,"showSkybox":true,"showFlares":true,"showImageEffects":true,"showParticleSystems":true,"showVisualEffectGraphs":true,"m_FxEnabled":true},"in2DMode":false,"pivot":{"x":0.3919534981250763,"y":0.7620915174484253,"z":0.5724160075187683},"rotation":{"x":0.2036302536725998,"y":-0.7947118878364563,"z":0.43209168314933779,"w":0.3745216429233551},"size":0.12193787097930908,"orthographic":false}